{
    "floor_level": 0.65,
    "finger_relative_level": 0.14,
    "collision_distance": 0.21,
    "reset_finger_xy_min": -1,
    "reset_finger_xy_max": 1,
    "reset_box_xy_min": -1.3,
    "reset_box_xy_max": 1.3,
    "maximum_xy_for_finger": 1.7,
    "minimum_rel_z_for_finger": 0.08,
    "maximum_rel_z_for_finger": 1,
    "box_xy_min": -2.0,
    "box_xy_max": 2.0,
    "box_z_max": 1.0,
    "pushing_step_back": 0.2,
    "pushing_step_up": 0.4,
    "dim_plan": 6,
    "initial_joint_state": [0.3, 0.3, 0.15, 1.0, 0.0, 0.0, 0.0],
    "floor_color": [0.78431373, 0.78431373, 0.78431373],
    "finger_color": [0.36470588, 0.34117647, 0.36862745, 1.0],
    "box_color": [0.36470588, 0.34117647, 0.36862745, 1.0],
    "target_color": [0.31764706, 0.79607843, 0.1254902 , 0.50980392]
}
